feature,statistic,p_value,is_normal
total_kills,0.921313572804382,0.000271575382069299,False
headshot_rate,0.9685228516789932,0.0715279611519632,True
avg_kill_distance,0.9306103518982941,0.0007240744870116724,False
rifle_kills,0.946206073401005,0.004258923305317138,False
